review,sentiment,mastacleaned_reviews
reviewer mention watch oz episode hook right exactly happen thing strike oz brutality unflinche scene violence set right word trust not faint hearted timid pull no punch regard drug sex violence hardcore classic use word oz nickname oswald maximum security state penitentary focus mainly emerald city experimental section prison cell glass face inward privacy not high agenda city home .. aryan latinos scuffle death stare dodgy dealing shady agreement never far away main appeal fact not dare forget pretty picture paint mainstream audience forget charm forget romance oz not mess episode strike nasty surreal not ready watch develop taste oz accustomed high level graphic violence not violence injustice crooked guard sell nickel inmate kill order away well mannered middle class inmate turn prison bitch lack street skill prison experience watch oz comfortable uncomfortable view touch dark,positive,reviewer mention watch episode hook right exactly happen thing strike brutality scene violence set right word trust not faint hearted timid pull no punch regard drug sex violence classic use nickname maximum security state focus mainly emerald city experimental section prison cell glass face inward privacy not high agenda city home scuffle death stare dodgy dealing shady agreement never far main appeal fact not dare forget pretty picture paint audience forget charm forget romance not mess episode strike nasty not ready watch develop taste accustomed high level graphic violence not violence crooked guard sell nickel inmate kill order away well mannered middle class inmate turn prison bitch lack street skill prison experience watch comfortable uncomfortable view touch dark
wonderful little production filming technique very unassuming very old time fashion comforting discomforte sense realism entire piece actor extremely well choose not polari voice truly seamless editing guide reference diary entry not well worth watching terrificly write perform piece masterful production great master comedy life realism really come home little thing fantasy guard use traditional dream technique remain solid disappear play knowledge sense particularly scene concern orton halliwell set particularly flat halliwell mural decorate surface terribly well,positive,wonderful little production technique very very old time fashion comforting sense realism entire piece actor extremely well not voice pat truly seamless guide reference diary entry not well worth watching terrificly write perform piece masterful production great master comedy life realism really come home little thing fantasy guard use traditional dream technique remain solid disappear play knowledge sense particularly scene concern set particularly flat mural decorate surface terribly well
think wonderful way spend time hot sit air condition theater watch light hearted comedy plot simplistic dialogue witty character likable well bread suspect serial killer disappoint realize not match point risk addiction think proof fully control style grow love most laugh comedy dare decade never impress manage tone sexy image jump right average spirit young woman not crown career witty devil wear prada interesting superman great comedy friend,positive,think wonderful way spend time hot sit air condition theater watch light hearted comedy plot simplistic dialogue witty character likable well bread suspect serial killer disappoint realize not match point risk addiction think proof fully control style grow most laugh comedy dare decade never impress manage tone sexy image jump right average spirit young not crown career witty devil wear interesting superman great comedy friend
basically family little boy jake think zombie closet parent fight time movie slow soap opera suddenly decide rambo kill zombie ok film decide thriller drama drama movie watchable parent divorce argue like real life closet totally ruin film expect boogeyman similar movie instead watch drama meaningless thriller spot well play parent descent dialog shot ignore,negative,basically family little boy jake think zombie closet parent fight movie slow soap opera suddenly decide kill film decide thriller drama drama movie watchable parent divorce argue like real life closet totally ruin film expect similar movie instead watch drama well play parent descent shot ignore
petter love time money visually stunning film watch mr offer vivid portrait human relation movie tell money power success people different situation encounter variation play theme director transfer action present time different character meet connect connect way person no know previous point contact stylishly film sophisticated luxurious look people live world live habitat thing soul picture different stage loneliness inhabit big city not exactly good place human relation find sincere fulfillment discern case most people encounter acting good mr direction rest talented cast character come alive wish mr good luck await anxiously work,positive,petter love time money visually stunning film watch vivid portrait human relation movie tell money power success people different situation encounter variation play theme director transfer action present time different character meet connect connect way person no know previous point contact stylishly film sophisticated luxurious look people live world live thing soul picture different stage loneliness inhabit big city not exactly good place human relation find sincere fulfillment discern case most people acting direction rest talented cast character come wish luck await anxiously work
probably time favorite movie story selflessness sacrifice dedication noble cause not preachy boring never old despite time performance bring tear eye very truly sympathetic role delight kid grandma like dress midget child fun watch mother slow awakening happen world roof believable startling thumb movie,positive,probably time favorite movie story selflessness sacrifice dedication noble cause not preachy boring never old despite time performance bring tear eye very truly sympathetic role delight like dress midget child fun watch mother slow awakening happen world roof believable startling thumb movie
sure like resurrection dated seahunt series tech bring kid excitement me.i grow black white tv seahunt gunsmoke hero week.you vote comeback new sea hunt.we need change pace tv work world water adventure.oh way thank outlet like view viewpoint tv movies.so ole way believe wanna say.would nice read plus point sea hunt.if rhyme line let submit leave doubt quit let,positive,sure like resurrection series tech bring excitement grow black hero vote comeback new sea need change pace work world water way thank outlet like view viewpoint way believe nice read plus point sea rhyme line let submit leave doubt quit let
amazing fresh innovative idea air 7 8 year brilliant thing drop not really funny anymore continue decline complete waste time truly disgraceful far fall writing painfully bad performance bad not mildly entertaining respite guest host probably not air find hard believe creator hand select original cast choose band hack follow recognize brilliance fit replace mediocrity feel star respect original cast huge success awful not believe air,negative,amazing fresh innovative idea air brilliant thing drop not really funny continue decline complete waste time truly disgraceful far fall writing painfully bad performance bad not mildly entertaining respite guest host probably not air find hard believe creator hand select original cast choose band hack follow recognize brilliance fit replace mediocrity feel star respect original cast huge success awful not believe air
encourage positive comment film look forward watch film bad mistake seen+ film truly bad awful way editing pacing storyline acting soundtrack film song lame country tune play time film look cheap nasty bore extreme rarely happy end credit film thing prevent score harvey far good performance bit effort obsessive,negative,encourage positive comment film look forward watch film bad mistake film truly bad awful way acting film song lame country tune play time film look cheap nasty bore extreme rarely happy end credit film thing prevent far good performance bit effort obsessive
like original gut wrenching laughter like movie young old love movie hell mom like great camp,positive,like original gut laughter like movie young old love movie hell like camp
phil alien quirky film humour base oddness actual punchline very odd pretty funny movie progress not find joke oddness funny anymore low budget film s never problem pretty interesting character eventually lose interest imagine film appeal stoner currently partake similar better try brother planet,negative,alien quirky film humour base oddness actual very odd pretty funny movie progress not find joke oddness funny low budget film s never problem pretty interesting character eventually lose imagine film appeal stoner currently similar better try brother planet
movie 12 come recall scary scene big bird eat man dangle helplessly parachute right air horror horror young kid cheesy b film afternoon tired formula monster type movie usually include hero beautiful woman daughter professor happy resolution monster die end not care much romantic angle predictable plot love unintentional humor psycho come love star bump early film sit notice point screenwriter story scary possible not well wear formula no rule,negative,movie come recall scary scene big bird eat man dangle helplessly parachute right air horror young cheesy b film afternoon tired formula monster type movie usually include hero beautiful woman daughter professor happy resolution monster die end not care much romantic angle predictable plot love unintentional come love star bump early film sit notice point screenwriter story scary possible not well wear formula no rule
not big fan boll work not enjoy movie postal maybe boll apparently buy right use far cry long ago game finsishe people enjoy kill mercs infiltrate secret research lab locate tropical island warn not far cry mr boll scheme legion schmuck .. feel loneley set mr boll invite countryman play player actually self pretty big movie biz tale like play yes carver hail bratwurst eat dude find til act movie pretty badass .. people complain not really stay true carver agenda carver person perspective not really know look like kick .. storyline film demente evil mad scientist dr play genetically mutate soldier gms perform top secret research island remind spoiler vancouver reason s right no palm tree instead nice rich lumberjack wood not far start cry mehehe not .. wanna stay true boll movie not disappoint deliver true boll experience mean most suck thing worth mention imply boll good work area film nice boat fight scene crome albino gms squad enter scene laugh .. movie far cry reek scheisse poop simpleton fa r wanna wiff ahead .. very annoying sidekick wanna shoot minute screen,negative,not big fan boll work not enjoy movie postal maybe boll apparently buy right use far cry long ago game enjoy kill infiltrate secret research lab locate tropical island warn not far cry boll scheme legion feel set boll invite countryman play player actually pretty big movie biz tale like play yes carver hail eat dude find til act movie pretty people complain not really stay true carver agenda carver person perspective not really know look like kick film evil mad scientist play genetically mutate soldier perform top secret research island remind spoiler reason s right no palm tree instead nice rich lumberjack wood not far start cry not stay true boll movie not disappoint deliver true boll experience mean most thing worth mention imply boll good work area film nice boat fight scene crome albino squad enter scene laugh movie far cry reek poop simpleton fa r ahead very annoying shoot screen
cast play lose appreciate try bring masse ruin good play favorite not know know certain rev bowdler bowdlerization try similar victorian era word not improve perfection no write write line text composition never forte movie saying not cut,negative,cast appreciate try bring masse ruin play favorite not know know certain rev bowdlerization try similar word not improve no write write line text composition never movie saying not cut
fantastic movie prisoner famous actor not fan roll not bad good thing movie soundtrack man constant sorrow recommand movie everybody greeting,positive,fantastic movie prisoner famous actor not fan roll not bad good thing movie man constant sorrow recommand movie everybody greeting
kind draw erotic scene realize most amateurish unbelievable bit film sort like high school film project rosanna arquette thinking stock character bizarre suppose town pretty hard involve no lesson learn no brilliant insight stilted ridiculous lot skin intrigue videotape nonsense bisexual relationship heterosexual encounter absurd dance everybody play stereotype role pass like bad waste film money spend starve child aid .....,negative,kind draw erotic scene realize most amateurish unbelievable bit film sort like high school film project thinking stock character bizarre suppose town pretty hard involve no lesson learn no brilliant insight stilted ridiculous lot skin intrigue nonsense bisexual relationship heterosexual encounter absurd dance everybody play stereotype role pass like bad waste film money spend starve child aid
film simply not remake not bad film fail capture flavor terror film title excellent most cast hold exception not bring right feel character major fault version stray far story attempt grandiose lose thrill early film trade snazzy special effect not bad film enjoy friction terror old version much,positive,film simply not remake not bad film fail capture flavor terror film title excellent most cast hold exception not bring right feel character major fault version stray far story attempt grandiose lose thrill early film trade special effect not bad film enjoy friction terror old version much
movie top most awful movie horrible not not fight monster no chance character development busy run sword fight no emotional attachment big bad machine want destroy scene blatantly steal movie star war example > ghost scene end steal final scene old star war obee vader > spider machine beginning exactly like frodo attack spider return king elijah wood victim film wait ...... hypnotize sting victim wrap ..... uh hello > machine vs. .. terminator ..... example waste time tell juvenile story line rush juvenile conclusion movie not decide child movie adult movie not much awful real disappointment save money,negative,movie top most awful movie horrible not not fight monster no chance character development busy run sword fight no emotional attachment big bad machine want destroy blatantly steal movie star war ghost scene end steal final scene old star war spider machine beginning exactly like attack spider return king wood victim film wait hypnotize sting victim wrap machine terminator example waste time tell juvenile story line rush juvenile conclusion movie not decide child movie adult movie not much awful real disappointment save money
remember film film watch cinema picture dark place very nervous dad brother sister cinema berkshire recall tiger lot snow film appearance grizzly adams actor think tiger shoot die know find dvd etc let know.the cinema turn fitness club very big shame near cinema away love hear film like,positive,remember film film watch cinema picture dark place very nervous dad brother sister cinema recall tiger lot snow film appearance grizzly actor think tiger shoot die know find let cinema turn fitness club very big shame near cinema away love hear film like
awful film real stinker nominate golden globe story famous female renaissance painter mangle recognition complaint not liberty fact story good perfectly fine simply bizarre     account true story artist far well film come dishwat dull script suppose not naked people factual version hurriedly cap end summary artist life     save favor rest film brevity,negative,awful film real stinker nominate golden globe story famous female renaissance painter mangle recognition complaint not liberty fact story good perfectly fine simply bizarre account true story artist far well film come dishwater dull script suppose not naked people factual version hurriedly cap end summary artist life save favor rest film brevity
success die hard sequel no surprise really glut die hard ..... movie cash wrong guy wrong place wrong time concept die hard mountain time rescue sly stop mom shoot career big nit picker dream especially expert mountain climbing base jumping aviation facial expression act skill excuse dismiss film overblown pile junk manage act horse forget nonsense actually very lovable undeniably entertaining romp deliver plenty thrill unintentionally plenty laugh love sneery evilness tick box band baddie good permanently harassed hapless turncoat agent traver henry portrait serial killer noteworthy cringe worthy performance hal insist constantly shriek painful disbelief captor man never hurt anybody whilst surely not really look like grin girl plummet death mention london burn actor craig fairbrass brit bad guy come cropper whilst use hal human football yes not help enjoy bit hal need good kicking forget well judgement care never happen lower acting expectation turn volume enjoy look qaulen wear helicopter,positive,success die hard sequel no surprise really glut die hard movie cash wrong guy wrong place wrong time concept die hard mountain time rescue stop shoot big nit picker dream especially expert mountain climbing base aviation facial expression act skill excuse dismiss film overblown pile junk manage act horse forget nonsense actually very lovable undeniably entertaining romp deliver plenty thrill unintentionally plenty love sneery evilness tick box band good permanently hapless turncoat agent henry portrait serial killer noteworthy cringe worthy performance insist constantly shriek painful disbelief captor man never hurt anybody whilst surely not really look like grin girl plummet burn actor brit bad guy come cropper whilst use human football yes not help enjoy bit need good forget well care never happen lower acting expectation turn volume enjoy look wear helicopter
terrible misfortune view b movie entirety     save time money bad b movie time not b movie like f movie fail aspect good movie story not interesting actor paper thin not believable bad direction action sequence fake funny ....... movie pack crappy liner no respectable person find amusing little bit movie suppose gear man woman utterly unattractive especially old wrinkle thing come end try appear sexy weird horrible costume fail miserably most ridiculous b movie laugh painful watch,negative,terrible misfortune view b movie save time money bad b movie time not b movie like f movie fail aspect good movie story not interesting actor paper thin not believable bad direction action sequence fake funny movie pack liner no respectable person find amusing little movie suppose gear man woman utterly unattractive especially old wrinkle thing come end try appear sexy weird horrible costume fail most ridiculous b movie laugh painful watch
absolutely stunning movie hr kill watch not regret much fun carry movie shoulder not like music time grow hear time really start like,positive,absolutely stunning movie kill watch not regret much fun carry movie shoulder not like music time grow hear time really start like
let thing straight anime fan matter fact use watch speed racer time preschool b like b movie hilarious c like godzilla movie lot movie come like usual b movie crappy fx sudden boom anime come movie animation very bad cheap bad remember speed racer crissake fact cheap scene movie vividly remember bunch kid run school kid fx terrible look bad godzilla addition transition live action animation unorganized voices(especially dub view beg dad tape dvd player thing survive crack joke comment like robots joel mike pick season honestly way barely enjoy movie survive time heck plan fellow otaku pal stupid pretty painful watch unintentionally hilarious time movie improvement originally accord grade scale mean pretty much boring bad fun count find way fun fun count,negative,let thing straight anime matter fact use watch speed racer time preschool b like b movie hilarious c like movie come like usual b movie boom anime come movie animation very bad cheap bad remember speed racer fact cheap scene movie vividly remember bunch run school terrible dinosaur look bad addition transition live action animation unorganized dub view beg dad tape player thing survive crack joke comment like pick season honestly way barely enjoy plan fellow pal b movie night stupid pretty painful watch unintentionally hilarious time movie improvement originally grade scale mean pretty much boring bad fun count find way fun fun count
bad movie worldfest receive applause think receive recognition base know actor film great j.beals movie m.parker much well actress allow rest acting hard judge movie ridiculous predictable main character totally unsympathetic bore watch no real emotional depth story movie revolve actor not work not feel very original development cop feel like straight video movie not good standard,negative,bad movie receive applause think receive recognition base know actor film great movie much well actress allow rest acting hard judge movie ridiculous predictable main character totally unsympathetic bore watch no real emotional depth story movie revolve actor not work not feel very original development cop feel like straight video movie not good
carpenter story little singer complex life fail accurate fact detail portray not fine election good actress play very naive sort think role need strong character strong personality role carpenter terrific great job mother great song include soundtrack album unfortunately not movie top rating usa country,positive,carpenter story little singer complex life fail accurate fact portray not fine election good actress play very naive sort think role need strong character strong fletcher role carpenter terrific great job great song include album unfortunately not movie top rating country
cell exotic masterpiece dizzying trip not vast mind serial killer very talented director conclusive evidence achieve human unleash uninhibited imagination boldness work push aside thought fall formula cliche create truly magnificent good movie read numerous complaint film style no substance poorly cast character bad acting negatively criticize film miss point movie landmark tradition future movie hopefully follow cell open door world imagination slam door face tell director not want personally welcome movie tarsem love try challenge hear talk inside mind serial killer yes agree genre bit overworked movie try depict serial killer tick work most fail cell not blaze trail new twist physically transport mind present nothing fascinating journey most mysterious subject matter study like movie not bog much scientific jargon try explain actually enter brain instead lie laboratory table wrap look like really long twizzler jaunt entity cell want let not guess people not like true like explanation movie movie venture new ground let desire simply notice film very dark reality maybe contrast bright visual inside brain nonetheless set design simply astonishing not surprised film home oscar cinematography good costume good director like nominate good picture notice kind repeat not nothing not stress fantastic think cell walk movie very open mind wonder eye popping feast assure good time guess film little much people write weird crazy very much psychology imagination human mind right alley leave theater hear audience member movie sure lot good drug want smoke,positive,cell exotic masterpiece trip not vast mind serial killer very talented director conclusive evidence achieve human unleash uninhibited imagination boldness work push aside thought fall formula cliche create truly magnificent good movie read numerous complaint film style no substance poorly cast character bad acting negatively criticize film miss point movie landmark tradition future movie hopefully follow cell open door world imagination slam door face tell director not want personally welcome movie love try challenge hear talk inside mind serial killer yes agree genre bit movie try depict serial killer tick work most fail cell not blaze trail new twist physically transport mind present nothing fascinating journey most mysterious subject matter like movie not bog much scientific jargon try explain actually enter brain instead lie laboratory table wrap look like really long jaunt entity cell want let not guess people not like true like explanation movie movie venture new ground let desire simply notice film very dark reality maybe contrast bright visual inside brain nonetheless set design simply astonishing not film home cinematography good costume good director like nominate good notice kind repeat not nothing not stress fantastic think cell walk movie very open mind wonder eye pop feast assure good time guess film little much people write weird crazy very much psychology imagination human mind right alley leave theater hear audience member movie sure lot good drug want
film try thing sting political satire blockbuster sappy romantic comedy family value promo list fail miserably interest turn end appreciate spirit depress clumsy effort especially target reflect lack existence critique simply poor writing direction production particular film critique corporatization war poke fun way diminish true atrocity happen remind bit king similarly trivialize genuine cause concern,negative,film try thing sting political satire blockbuster sappy romantic comedy family value list fail miserably interest turn appreciate spirit depress clumsy effort especially target reflect lack existence critique simply poor writing direction production particular critique war poke fun way diminish true atrocity happen remind bit king similarly trivialize genuine cause concern
movie frustrating energetic totally prepared good time think able stand wrong weird looping like watch america funniest home video damn parent hate much stereo typical latino family need speak person responsible need talk little girl hang hate mention final scene transcend gloriously bad badness movie crappy dancing horrible beautiful,negative,movie energetic totally prepared good time think able stand wrong weird looping like watch home video damn parent hate much stereo typical family need speak person responsible need talk little girl hate mention final scene transcend gloriously bad badness movie dancing horrible beautiful
war movie genre redone time clichéd dialogue rehash plot top action sequence unavoidable conflict deal large scale combat war movie come grain bring truly original compelling story life silver screen era cold mountain star film cold mountain war movie not entirely accurate true film open literally quick dirty battle sequence glory director shame cold mountain not much period people time story center disgruntle confederate soldier play disgusted homesick beautiful hamlet cold mountain equally beautiful leave play glance setup appear formulaic romantic interest home audience sympathy root reluctant soldier tribulation battlefield early segment film relatively unimpressive somewhat contrived cold mountain soon drastic turn intrepid hero turn deserter incidentally save audience potentially confusing scenario want root confederate begin long odyssey homeward farm cultured way prove little use field soon transform wilderbeast come rescue course tough nails thewes play help farm importantly cope loneliness isolation war bring setting vivid compelling time very disturbing portrait war tear south unfold character interact surprisingly complex enhance wonderful performance deadbeat father unrepentant lawman deeply troubled isolate young mother greatly affect change war northern aggression bad dark pervade anti war message accent effective haunt score chillingly beautiful shot communicate audience not much gruesome battle scene scar land traumatize people war fight weapon tactic war change much hellish effect land timelessly relevant director manage maintain gloomy mood most film atmosphere unfortunately denigrate tepid climax little justice wonderfully form character love story awkwardly tack beginning end film inherently distant abstract absurd nature relationship way fit dismal nature rest plot no mistake cold mountain trait feel good romance inspiring war drama unique vision era sure not entertain truly absorb audience life people tear apart war entirely desperate rid terrible repercussion altogether,positive,war movie genre time dialogue rehash plot top action sequence unavoidable conflict deal large scale combat war movie come grain bring truly original compelling story life silver screen cold mountain star war movie not entirely accurate true film open literally quick dirty battle sequence glory director shame cold mountain not much period people time story center disgruntle confederate soldier play disgusted homesick beautiful hamlet equally beautiful leave play glance setup appear formulaic romantic interest home audience sympathy root reluctant soldier tribulation battlefield early segment film relatively unimpressive somewhat mountain soon drastic turn intrepid hero turn deserter incidentally save audience potentially scenario want root confederate begin long homeward farm cultured way prove little use field soon transform come rescue course tough play help farm importantly cope loneliness isolation war bring setting vivid compelling time very disturbing portrait war tear south unfold character interact surprisingly complex enhance wonderful performance deadbeat father unrepentant lawman deeply isolate young mother greatly affect change war northern aggression bad dark pervade anti war message accent effective haunt score chillingly beautiful shot communicate audience not much gruesome battle scene scar land traumatize people war fight weapon tactic war change much hellish effect land timelessly manage maintain gloomy mood most film atmosphere unfortunately denigrate tepid climax little justice wonderfully form character love story awkwardly tack beginning end film inherently distant abstract absurd nature relationship way fit dismal nature rest no mistake cold mountain trait feel good romance inspiring war drama unique vision era sure not entertain truly absorb audience life people tear apart war entirely desperate rid terrible repercussion altogether
taut organically grip crossfire distinctive suspense thriller unlikely message movie use look device noir cycle bivouac company soldier cope restlessness hang bar end stranger apartment drunk belligerent beat host sam levene death happen police detective investigate help assign outfit suspicion fall george cooper vanish slay buddy steve brodie insure silence young close abet superior script dmytryk draw precise performance starring bobs naturally prototypical angry white male hilt mitchum underplay characteristic alert nonchalance role not central young never well fully fledge rendition smart mouthed vulnerable tramp sad sack leech life haunt small peripheral role memorable politically engage dmytryk inevitably succumb sermonize pretty much confine young reminiscence grandfather die hand incidentally stretch chronology limit no attempt render explanation glib hate jews hillbilly curiously crossfire survive major change work     novel base richard brooks brick foxhole deal gay bash murder homosexuality pale news holocaust begin emerge ashe feel embolden register protest anti semitism studio quake prospect offend potential ticket buyer change anti semitism work general specific not fit smoothly victim chat lonesome drunk young soldier invite home look odd especially girlfriend tow raise question scenario retain inadvertently leave discreet tip original engine generate murderous rage,positive,taut organically grip distinctive suspense thriller unlikely message movie use look device noir company soldier cope restlessness bar end stranger apartment drunk belligerent beat host sam death happen police detective investigate help assign outfit suspicion fall cooper vanish slay buddy insure silence young close superior script draw precise performance starring naturally prototypical angry white male hilt underplay characteristic alert nonchalance role not central young never well fully fledge rendition smart mouthed vulnerable sad sack leech life haunt small peripheral role politically engage inevitably succumb sermonize pretty much confine young reminiscence grandfather die hand incidentally stretch chronology limit no attempt render explanation glib hate hillbilly survive major change work novel base brick foxhole deal gay bash murder homosexuality pale news holocaust begin emerge feel embolden register protest anti studio quake prospect offend potential ticket change anti work general specific not fit smoothly victim chat lonesome drunk young soldier invite home look odd especially tow raise question scenario retain inadvertently leave discreet tip original engine generate murderous rage
ardh satya fine film cinema direct great director most successful hard hit parallel cinema turn commercial success inspiration lead director film tell real life scenario police unlike police city police encompass different system altogether create very practical outlay real life approach police environment police film describe story young hot blooded cop come poor family father harsh police constable suffer father ideology incidence father atrocity mother approach immediate action crime inert craving job satisfaction film revolve plot constant effort crime trample seniors.this lead frustration not achieve desire job satisfaction result frustration anger express excessive violence turn alcoholic spirit alive constantly fight system aware system inertly associate far end compromise unethical practice negative finally suspend direction master piece thoroughly hard core good memorable scene break underworld gangster house arrest follow short conversation fantastic scene film hair raise moment practical approach script major punch alcoholism corruption political influence courage deception integral police aspect deal brilliantly finally film belong man om puri portray traverse emotion absolutely brilliantly,positive,fine film cinema direct great director most successful hard hit parallel cinema turn commercial success inspiration lead director film tell real life scenario police unlike police city police encompass different system altogether create very practical outlay real life approach police police film describe story young hot blooded cop come poor family father harsh police constable suffer father ideology incidence father atrocity mother approach immediate action crime inert craving job satisfaction film revolve plot constant effort crime trample lead frustration not achieve desire job satisfaction result frustration anger express excessive violence turn spirit alive constantly fight system aware system inertly associate far end compromise unethical practice negative finally direction master piece thoroughly hard core good memorable scene break underworld gangster house arrest follow short conversation fantastic scene film hair raise practical approach script major punch alcoholism corruption political influence courage deception integral police aspect deal film belong man om portray traverse emotion absolutely brilliantly
exposure templario not good excited find title offering anchor bay video bring cult classic spider baby print quality excellent not hide fact film deadly dull thrilling open sequence villager exact terrible revenge templar set thing motion movie slow ponderous ultimately unfulfille add insult injury movie dub not subtitle promise video jacket,negative,exposure not good excited find title offering bay video bring cult classic spider baby print quality excellent not hide fact film deadly dull thrilling open sequence villager exact terrible revenge templar set thing motion movie slow ponderous ultimately add insult injury movie dub not subtitle promise video jacket
most significant quote entire film pronounce halfway protagonist middle man di physically non descript middle aged man originally southern introduce start film live non life elegant sterile hotel speaking conduct business gradually introduce pivotal apparently unremarkable scene place employee bank normally count di cash tell miss usual suitcase tightly stack banknote news quietly icily threaten coax bank manager want close account tell spectator bluff bluff right end fear catch appear ridiculous not bluff halfway tell truth eventually bluff halfway tell truth accept consequence life ultimately love exactly reason beginning di trouble initially unsympathetic character scowling taciturn curt man verge man not reply kind chambermaid waitress hello goodbye point spectator care deeply point non life decide feel concern appear ridiculous film describe slow reveal di hotel oddly disjoin deliberate pace reveal seemingly mundane irrelevant detail scene unnecessary reveal essential masterfully construct innovative film unfold eye existence di man no imagination identity life unsympathetic character unexpectedly end love feel think convey elegantly edit sequence very interesting use music theme especially stand never contrast way treat mobster odd release film interesting element way film use protagonist insomnia not unlike machinist far explicit way al pacino film insomnia use condition symbolise deep emotional malaise ram deep obscurity unconscious impossible pin point cause young sympathetic hotel waitress sofia play grand daughter legendary anna memory good friend man not unexpectedly provide tiny window life eventually tentatively accept look never explicitly spelt spectator know man like accept consequence love unimaginable consequence film single scene sex violence film unfold time concede nothing spectator expectation fine representative small quiet discreet renaissance place cinema decline cinecittà world wait produce postino like fare è bella style film neglect explore fine creation like loss world,positive,most significant quote entire film pronounce halfway protagonist middle man di physically non descript middle aged man originally southern introduce start film live non life elegant sterile hotel speaking conduct business gradually introduce pivotal apparently unremarkable scene place employee bank normally count di cash tell miss usual suitcase tightly stack news quietly icily threaten coax bank manager want close account tell spectator bluff bluff right end fear catch appear ridiculous not bluff halfway tell truth eventually bluff halfway tell truth accept consequence life ultimately love exactly reason beginning di trouble initially unsympathetic character scowling taciturn curt man verge man not reply kind chambermaid waitress hello point spectator care deeply point non life decide feel concern appear ridiculous film describe slow reveal di hotel oddly disjoin deliberate pace reveal seemingly mundane irrelevant detail scene unnecessary reveal essential masterfully construct innovative film unfold eye existence di man no imagination identity life unsympathetic character unexpectedly end love feel think convey elegantly edit sequence very interesting use music theme especially stand contrast way treat mobster odd release film interesting element way film use protagonist insomnia not unlike machinist far explicit way al film insomnia use condition deep emotional malaise ram deep obscurity unconscious impossible pin point cause young sympathetic hotel waitress play grand daughter legendary anna memory good friend man not unexpectedly provide tiny window life eventually tentatively accept look never explicitly spelt spectator know man like accept consequence love unimaginable consequence film single scene sex violence film unfold time concede nothing spectator expectation fine representative small quiet discreet renaissance place cinema decline world wait produce like fare style film neglect explore fine creation like loss world
watch film not really expect much pack film pretty terrible way fiver expect know right terrible movie stretch interesting point occasional camcorder view nice touch drummer very like drummer i.e damned annoying well s actually problem boring assume attempt build tension lot nothing happen utterly tedious thumb fast forward button ready press most movie seriously lead singer band great looking coz not mention beautiful hell lot think look bit like meercat not mention killer not not worth explain far concern star reason watch exception actually funny not acting talent certainly lot bad lot well good avoid bored watch paint dry,negative,watch film not really expect much pack film pretty terrible way fiver expect know right terrible movie stretch interesting point occasional view nice touch drummer very like drummer damned annoying well s actually problem boring assume attempt build tension lot nothing happen utterly tedious thumb fast forward button ready press most movie seriously lead singer band great looking coz not mention beautiful hell lot think look bit like not mention killer not not worth explain far concern star reason watch exception actually funny not acting talent certainly lot bad lot well good avoid watch paint dry
buy film blockbuster $ 3.00 sound interesting bit ranma esque idea drag skeleton cute girl mini skirt restricted view sticker think sweet sincere come age story weird indie edge wrong watch wonder restrict sticker hardly foul language little violence close thing nudity honestly not usually hope girl nightgown pantie pantie lot movie no matter wear miniskirt sort anti religious humor tame lame caricatured insincere derivative unoriginal bad not funny slight well listen rolex television barely qualify pg not rate blockbuster refuse let age 17 rent pornographic little kid rent edit version requiem dream insist bad not way way worry thing leave offend people idea suicide beginning anybody need movie honestly portray suicide not well like virgin suicides teenager movie rate r purely suicide aspect little chance turn story write pg movie main character suicide top lead cause death teenager think number chance most teen affect no movie 10,negative,buy film blockbuster sound interesting bit idea drag skeleton cute girl skirt restricted view sticker think sweet sincere come age story weird edge watch wonder restrict sticker hardly foul language little violence close thing nudity honestly not usually hope girl nightgown pantie pantie lot movie no matter wear sort anti religious humor tame lame insincere derivative unoriginal bad not funny slight well listen television barely qualify not rate blockbuster refuse let rent pornographic little rent edit version requiem dream insist not way worry thing leave offend people idea suicide beginning anybody need movie honestly portray suicide not well like virgin movie rate r purely suicide aspect little chance turn story write movie main character suicide top lead cause death think number chance most teen affect no movie
plot death little child hopper investigate killing movie appear trouble daughter end serial killer catch find dunnit terrible acting actor unbelievable bad actor include hopper like much waste time not watch movie warn,negative,plot death little child hopper investigate killing movie appear trouble daughter end serial killer catch find terrible acting actor unbelievable bad actor include hopper like much waste time not watch movie warn
watch movie lose plot well not really begin begin achingly tedious scene heroine sit actually no sense menace forebode create apparently constant thunderstorm strangely never actually hear great double glazing apparently town walk away girl serve no purpose plot provide surprisingly quick gory murder tedium unbearable beginning suggest spate of+ killing area apparent killer never venture far bizarre ritual pretty much sum most film inherent lack direction add lead actress not act willing completely irrelevant nude shower scene video truly nasty not way hope following simply ban 80 final surprisingly extend murder offer nothing curiosity value classic daft murder not worry telegraph walk wood victim come steep upward slope obviously struggle halfway figure top dress black brandish large scythe slide run like rest no course not struggle top stand conveniently nice upright murder weapon really movie ..,negative,watch movie lose plot well not really begin begin achingly tedious scene heroine sit actually no sense menace forebode create apparently constant thunderstorm strangely never actually hear great double glazing apparently town walk away girl serve no purpose plot provide surprisingly quick gory murder tedium unbearable beginning suggest spate killing area apparent killer never venture far bizarre ritual pretty much sum most film inherent lack lead actress not act willing completely irrelevant nude shower scene video truly nasty not way following simply ban final surprisingly extend murder offer nothing curiosity classic daft murder not worry walk wood victim come steep upward slope obviously struggle halfway figure top dress black brandish large scythe slide run like rest no course struggle top stand conveniently nice upright murder really movie
okay series kind route week week character help ride bit pickle wrong great character actor certainly cool series create great writer heaven lack love not season series never know rubbish baffle let hope good past series,positive,series kind route week week character help ride bit pickle wrong great character actor certainly cool series create great writer lack love not series never know rubbish baffle let hope good past series
sit pile husband wonder actually product experiment computer program produce movie listless propaganda throw face film prove disappointingly work human conspiracy theorist quote like steal declaration independence protect like way justify action like invasion etc fact cage spews line like never use declaration independence bargaining chip straight face husband wonder entire cast valium shoot scene reasoning plot turn new clue truly ridiculous impossible follow bonus plot dr chide involve never shut clearly movie look feel need slap dr title character gravity point cage character not shut camera pan look poutily hand like child truly grotesque benefit movie astonishingly bad laugh really scary thing majority people watch movie enjoy .....,negative,sit pile husband wonder actually product experiment computer program produce movie listless propaganda throw face film prove disappointingly work human conspiracy theorist quote like steal declaration independence protect like way justify action like invasion fact cage line like never use declaration independence chip straight face husband wonder entire cast shoot scene reasoning plot turn new clue truly ridiculous impossible follow bonus plot chide involve never shut clearly movie look feel need slap title character gravity point cage character not shut camera pan look hand like child truly grotesque benefit movie astonishingly bad laugh really scary thing majority people watch movie enjoy
clichés movie type no substance plot end movie feel like sucker watch production good script acting b movie quality casting poor good actor mix crumby actor good actor not hold lift movie not worthy word meet minimum requirement line gooding play caricature movie look mindless entertainment not recommend movie,negative,movie type no substance plot end movie feel like sucker watch production good script acting b movie quality casting poor good actor mix crumby actor good actor not hold lift movie not worthy word meet minimum requirement line gooding play caricature movie look mindless entertainment not recommend movie
movie base book splendored thing tackles issue race relation white topic come personal experience grow background beautiful setting love story unique daring atmosphere time story stereotypical romance memorable song remembered movie beautiful look wonderful oscar nominate performance doctor mixed breed advent communism mainland never look well play romantic lead journalist cover war tear region world acting top notch chemistry lover provide genuine moment silver screen affection sure melt heart romantically incline cinematography really bring especially hilltop overlook harbor lover spend most intimate moment ending real tear jerker consider sentimental romance passé enjoy classic love story shine example,positive,movie base book thing issue race relation white topic come personal experience grow background beautiful setting love story unique daring atmosphere story stereotypical romance memorable song movie beautiful look wonderful nominate performance doctor mixed breed communism never look well play romantic lead journalist cover war tear region world acting top notch chemistry lover provide genuine moment silver screen affection sure melt heart romantically cinematography really bring especially hilltop overlook harbor lover spend most intimate moment ending real tear jerker consider sentimental romance enjoy classic love story shine example
film rage bad direction logic continuity change plot script dialogde cry pain come crappy know b movie sure w movie w = waste example law officer surround trailer house a. inside confuse cop huge gun battle ensue kill straight cop blast away company blast away cop fall like domino drive circle not hit single bullet pellet kill not notice damn guy tough truly miracle not shooter hold bullet miracle,negative,film rage bad direction logic continuity change plot script cry pain come know b movie sure w movie w example law officer surround trailer house inside confuse cop huge gun battle ensue kill straight cop blast away company blast away cop fall like domino drive circle not hit single bullet pellet kill not notice damn guy tough truly miracle not shooter hold bullet miracle
hear good thing state grace come open mind think god army okay think maybe improve mature filmmaker film begin shaky acting think well maybe well unfortunately never picture start introduce elder     mormon missionary     audience know grow care instead story degenerate highly improbable series unfortunate event highlight blatant disobedience missionary undeniably exist rarely level portray laughable success movie successful alienation target audience unrealistically inaccurately portray life mormon missionary accomplish nothing anger predominantly mormon audience film no way reflect reality mission nothing like serve mormon mission attest fact gang life certainly contain much explicit language occasional mild vulgarity conclusion assume suppose touch audience inspire believe forgiveness available unbelievable c'mon entire mission gather elder send home     mom girl stand right cheesy time try movie identify,negative,hear good thing state grace come open mind think god army think maybe improve mature film begin shaky acting think well maybe well unfortunately never picture start introduce elder mormon missionary audience know grow care instead story degenerate highly improbable series unfortunate event highlight blatant disobedience missionary undeniably exist rarely level portray success movie successful alienation target audience inaccurately portray life mormon missionary accomplish nothing anger predominantly mormon audience film no way reflect reality mission nothing like serve mormon mission attest fact gang life certainly contain much explicit language occasional mild conclusion assume suppose touch audience inspire believe forgiveness available unbelievable entire mission gather elder send home girl stand right cheesy time try movie identify
movie strike home remember 80 father work factory figure work hard pride never dream kid car note degree unlike father quit grade keen sense greed laziness not like know movie tv ic an't find love friend pseudo friend family relative think remind time s work sake feel honor pride accomplish think feeling heavy downward spiral thing overseas,positive,movie strike home remember father work factory figure work hard pride never dream car note degree unlike father quit grade keen sense greed laziness not like know movie find love friend pseudo friend family relative think remind time s work sake feel honor pride accomplish think feeling heavy downward spiral thing overseas
disclaimer movie time musical allow judge movie taint not musical taint watch musical :) actually believe work well role think let dance scene good movie worthwhile addition compare musical dancer singe movie much superior musical well cast time big easy movie course decor lighting dancing singing much superior movie expect deliver song common musical better movie news good movie deliver musical opinion especially compare musical decor bad point movie obvious cut actor talk dub singer singe portion character dancing impeccable end product enjoyable musical,positive,disclaimer time musical allow judge movie taint not musical taint watch musical actually believe work well role think let dance scene good movie addition compare musical dancer singe movie much superior musical well cast time big easy movie course lighting dancing singing much superior movie expect deliver song common musical better movie news good movie deliver musical opinion especially compare musical bad point movie obvious cut actor talk dub singer singe portion character dancing impeccable end product enjoyable musical
protocol implausible movie save grace star good cast support actor story revolve ditzy cocktail waitress famous inadvertently save life dignitary story downhill halfway movie charm not save movie fan not way film,negative,protocol implausible movie save grace star good cast support actor story revolve cocktail waitress famous inadvertently save life dignitary story downhill halfway movie charm not save movie fan not way film
film classify drama no idea try erase cv historically accurate moses meld noah lot nephew lot turn bear canaanite wander really scriptwriter think ignorance remember noah animal lot canaanite stuff school try offend maximum number people planet possible historian archaeologist geologist psychologist linguist matter fact not offend modicum taste wince,negative,film drama no idea try erase historically accurate meld lot nephew lot turn bear wander really think ignorance remember animal lot stuff school try offend maximum number people planet historian archaeologist geologist psychologist linguist matter fact not offend modicum taste wince
preston power glory unseen public resurface andn television meantime gain notoriety citizen book suggest welle screenplay base screenplay mention beginning thread film imdb web site overstate case narrator turn deal life charles foster newsreel represent memoir susan alexander raymond butler different slant reflect faith disappointment hatred man course reveal failing tell version story method lead frequent overlapping telling incident not situation power glory yes like legendary business leader spencer tracy man rise head most successful railroad system country narrator garner right hand man ralph morgan wife sarah padden restrict nearly dimensional view time garner narrate talk boss friend respect love wife like voice skeptical public flaw typical example work way anti labor union troublemaker not care slow shenanigan describes confrontation union major walk preoccupy detriment home life wife remind use scab violence end strike apparently blow union headquarters kill people view man pure white pure black not really knock power glory not duplicate success film include orson welles film aware story present well hold interest end thank performance tracy wife tragedy worldly success pair fully bring home marry want well wife family benefit never great business success come cost deeply involved run railroad empire expand improve constantly away home much lose touch notice helen vinson young woman mistress learn unfaithful behavior destroy similarly shock martyr eye marrie present son turn son son jr philip trent discovery incestuous cuckold cause shoot film not total success action jump time unconvincingly business real note scene tell board director plan purchase small rival train line discuss use debenture finance plan come wealthy background bring type detail rate film no citizen interest movie lover attempt business realism social commentary depression,positive,power glory unseen public resurface television gain notoriety citizen book suggest screenplay base screenplay mention beginning thread film web site overstate narrator turn deal life newsreel represent memoir butler different slant reflect faith disappointment hatred man course reveal failing tell version story method lead frequent telling not situation power glory yes like legendary business leader spencer man rise head most successful railroad system country narrator right hand man ralph morgan wife restrict nearly dimensional view time narrate talk boss friend respect love wife like voice skeptical public flaw example work way anti labor union troublemaker not care slow confrontation union major walk preoccupy detriment home life wife remind use scab violence end strike apparently blow union headquarters kill people view man pure white pure not really knock power glory not duplicate success film include film aware story present well hold interest end thank performance wife tragedy worldly success pair fully bring marry want well wife family benefit never great business success come cost deeply involved run railroad empire expand improve constantly away home much lose touch notice young woman mistress unfaithful behavior destroy shock martyr eye present son turn son son discovery incestuous cuckold cause shoot film not total success action jump time unconvincingly business real note scene tell board director plan purchase small rival train line discuss use debenture finance plan come wealthy background bring type detail rate film no citizen interest movie lover attempt business realism social commentary depression
average surprisingly tame fulci giallo mean bad normal standard redeem solid build nice touch neat time twist issue vision clairvoyance genre well know weakness gear banal dialogue wooden acting illogical plot point finale much long denouement prove lame shall fulci ironic handling giallo norm amusing yellow clue look limp killer,negative,average surprisingly tame mean bad normal standard redeem solid build nice touch neat time twist issue vision genre well know weakness gear banal dialogue wooden acting illogical plot point finale much long denouement prove lame shall handling norm amusing yellow clue killer
